ID,User Story,Requirements,Manual Scenario
362,"Rename ""Simple"" Page to ""Smart"" Page","1. Be able to see the keyword updated to “Smart“ Page, instead of “Simple“ Page (front-end) in the Brand Page MVP  project scope, see detailed locations to rename the keyword as below:
|| ||*Location to rename*||
|1|V2 Index List > Add a Page:","Scenario: Renaming 'Simple Page' to 'Smart Page' in the V2 Index List's 'Add a Page'
Given a user is on the V2 Index List
When the user selects the 'Add a Page' option
Then they should see an option labeled 'Smart Page' instead of 'Simple Page'"
74,"As a User, I want MCP Setting for Kanban Sort Options Updates","1. Add new below setting under *Development Use Only* section Databases - Kanban Sort Options, Location wise, this can be added to bottom of dev section under *Databases - Single User Record Edit Restriction*","Scenario: New Setting for Kanban Sort Options Appears in Development Use Only Section
Given a user is viewing the settings page
When they navigate to the Development Use Only section
Then a new setting ""Databases - Kanban Sort Options"" should be displayed
And it should be located at the bottom of the section under ""Databases - Single User Record Edit Restriction""
"
375,MCP setting for new Grouped Approval types,"1. New MCP setting listed under *Development Use Only* section
2. Setting: *Approvals - Approvals List (V3) - Grouped Approvals - Record File & Resource Publish (development use only):*","Scenario: Adding a New Setting Under ""Development Use Only"" in MCP
Given an administrator is logged into the Management Control Panel (MCP)
And the administrator navigates to the ""Settings"" section
When the administrator scrolls to the ""Development Use Only"" section
Then they should see a setting labeled ""Approvals - Approvals List (V3) - Grouped Approvals - Record File & Resource Publish (development use only)""
And this setting should be configurable as per the system's standard configuration options"
156,"As a User, I want to set up Session Based Digest Email in My Account Alerts (Markup) for Comment Status Updates, Edited Comments, Deleted Comments, and New Revisions","1. Be able to see and choose ‘Session’ via *My Account* > *Alerts (Markup)* in the *Digest Frequency* drop-down menu for:
2. Updates to Comment status
3. Edited Comments
","Scenario: Select ‘Session’ Option in Digest Frequency Drop-Down for Markup Alerts
Given the user navigates to My Account > Alerts (Markup)
When the user opens the Digest Frequency drop-down menu
Then the ‘Session’ option should be available for selection
And the user should be able to choose ‘Session’ for the following alert types:
Updates to Comment Status
Edited Comments





"
105,"As a User, I should not see the Page Category dropdown when viewing Pages if none of them are assigned to Category","1. Be able to see only Pages from the Left Panel when viewing a Page, if all the pages the user has access to view are all not associated with any Page Category","Scenario: User does not see the Page Category dropdown if no pages have a category  
    Given the user is viewing Pages in the Left Panel  
    And none of the pages the user has access to are assigned to a Page Category  
    When the user navigates to the Pages view  
    Then the Page Category dropdown should not be displayed  
    And only the list of Pages should be visible in the Left Panel  "
395,"PB - As a User, I want to configure permissions of sub-pages in Admin -> Group","1. Be able to see and configure sub-pages under their parent pages in line with design of resource folder/sub-folders in Admin - Group - Permission
2. Be able to trigger propagation in line with the same logic of resource folder/sub-folders in Admin - Group - Permission","Scenario: Configure and Propagate Permissions for Sub-Pages Under Parent Pages
Given an administrator is in the Admin - Group - Permission section
When the administrator views the list of pages
Then sub-pages should be displayed nested under their respective parent pages, consistent with the design of resource folders and sub-folders
When the administrator sets permissions on a parent page
And chooses to propagate these permissions
Then the system should apply the same permissions to all sub-pages under that parent page, following the same logic used for resource folders and sub-folders
And the administrator should receive a confirmation that permissions have been successfully propagated to all sub-pages"
378,"PB - As a User, I want the status of  Resource added via Resource Lookup to be linked with Resource module - unsupported resource type scenario","1.Be able to link the status with the the Resources added to Page Builder via Resource Lookup:
2. Image as Image Widget
3. Video as Video Widget","Scenario: Display Resource Status for Widgets Added via Resource Lookup in Page Builder
Given a user is in the Page Builder's editing mode
When the user adds an Image Resource as an Image Widget via the Resource Lookup
Then the status of the Image Resource should be displayed within the Image Widget
And when the user adds a Video Resource as a Video Widget via the Resource Lookup
Then the status of the Video Resource should be displayed within the Video Widget"
125,"As a config user, I want to see/enable a new Setting in Admin > Template for Workflows for Collaborators in Approvals [Resource Feedback]","1. Once MCP setting is enabled, new setting displays for Resource Feedback Workflow Templates
2. This applies for existing and new templates","Scenario: Display New Setting for Resource Feedback Workflow Templates When MCP is Enabled
Given the MCP setting is enabled
When a user views the settings for Resource Feedback Workflow Templates
Then a new setting should be displayed
And the new setting should be available for both existing and new templates"
69,"As a User, I want to update UI & logic around selecting Jobs in Info Preview panel for preview + closing them to return to Resource preview","1. Implement changes to selecting and closing Jobs Previews, as per provided designs  

2. We will retain the existing behavior, where the selected Job needs to be re-clicked to switch the Preview back to the Template instead of the Job. Additionally, we will add another option for the user to close the Job preview.","Scenario: Users can close Job Previews and switch back to the Template
Given a user has selected a Job and is viewing its Preview
When the user re-clicks the selected Job
Then the Preview should switch back to the Template

When the user chooses the new close option for the Job Preview
Then the Job Preview should close
And the Template view should be restored"
451,As a user I want to click 'Review Request' action in action dropdown in footer to open Bulk Approve Page (action redirect),"1. When Bulk ‘Review Request’ action is clicked, as done in, then the Bulk Review Request page opens","Scenario: Navigating to the Bulk Review Request Page
Given I am a user with appropriate permissions
When I click on the 'Bulk Review Request' action
Then the Bulk Review Request page should open"
10,"As a user, I want to be able to preview the GIF or Lottie File converted MP4 on the Edit screen so that I can preview what the animation like before I Edit or upload a new version","1. Users should see the preview of the GIF or Lottie File converted MP4 on the Edit/New Version screen. This should help users to preview the animation while editing
2. As a user on the Edit/New Version screen
3. The preview should show the GIF or Lottie File converted MP4.
4. Edit uses PDFTron 
5. The controls should be hidden
6. The MP4 should autoplay","Scenario: Verify the GIF and Lottie file preview on the Review Request screen screen
  Given I am an admin 
  When I upload Lottie and GIF file
  And navigate to the workflow page
  And I click on Review Request 
  Then The file should have been converted to MP4
  And The controls should be hidden
  And The MP4 should autoplay"
195,"PB - As an Internal User, I want to have MCP(development use only) settings to enable/disable features per Epic for Drag & Drop Page MVP ","1. Add a MCP setting “Smart Page: Widgets combining Block“ under Development Use only for Epic:
2.Add a MCP setting “Smart Page: Image Resizing“ under Development Use only
3. Add a MCP setting “Smart Pages - Page Templates (development use only)“ under Development Use only
4.Add a MCP setting “Smart Page: Page Grouping“ under Development Use only","Scenario: Internal user can configure MCP settings for Smart Page features  
    Given the internal user has access to the MCP settings under ""Development Use only"" for the Epic  
    When the user views the MCP settings page  
    Then the following settings should be available:  
      | Setting Name                            | Description                                        |
      | ""Smart Page: Widgets combining Block""    | Enables or disables the combining of widgets with blocks on smart pages |  
      | ""Smart Page: Image Resizing""             | Enables or disables image resizing functionality on smart pages |  
      | ""Smart Pages - Page Templates""           | Enables or disables the use of page templates in smart pages |  
      | ""Smart Page: Page Grouping""              | Enables or disables page grouping functionality on smart pages |  

    When the user toggles any of these settings,  
    Then the corresponding feature for Smart Pages should be enabled or disabled as per the setting's state  
    And the changes should only apply in the development environment for testing and validation purposes  
"
407,Record File Grouped Requests added to Group tab,"1. Grouped Record File requests are to be listed in the Grouped tab in V3 Approval List
2. This may cause the Grouped Tab to display for users that otherwise may not have seen it - ie, a Requester who never previously saw the Grouped Tab but requests their first Grouped Record File request will now see this Tab in the V3 Approvals List.","Scenario: Displaying Grouped Record File Requests in the Grouped Tab of the V3 Approval List
Given a user has submitted one or more Grouped Record File requests
When the user navigates to the V3 Approval List
Then the ""Grouped"" tab should be visible
And the user's Grouped Record File requests should be listed under the ""Grouped"" tab
And if the user has not previously seen the ""Grouped"" tab, it should now be displayed due to the presence of their Grouped Record File requests"
85,"As a User, I want Close or cancel handling","1. If close or cancel is selected from Edit Template page, user is returned to the location they selected the Edit action from 
","Scenario: Returning to Previous Location After Cancelling Edit Template
Given a user is on the Edit Template page
When they click Close or Cancel
Then they are returned to the location where they originally selected the Edit action from"
372,"PB - As a User, I want to re-order pages within the same parent/root via Nav - FE integration","1. Be able to re-order Pages via drag-and-drop from Nav Panel during editing
2. Sub-pages will be moved all together with Page if it contains any
3. After drag-and-drop of Pages, Sub-pages will be *collapsed* under Page from Nav Panel","Scenario: Reordering Pages via Drag-and-Drop in Navigation Panel during Editing
Given the user is in editing mode within the Page Builder
And the Navigation Panel displays a list of pages, some of which contain sub-pages
When the user drags a page to a new position within the Navigation Panel
Then the system moves the selected page to the new position
And if the moved page contains sub-pages, all associated sub-pages move along with it
And after the drag-and-drop action, any sub-pages under the moved page are collapsed in the Navigation Panel"
389,"PB - As an internal User, I want to set Page limits via MCP settings","
1. Be able to set Page limits on MCP control panel for client sites","Scenario: Set Page Limits for Client Sites in the MCP Control Panel
Given an administrator is logged into the MCP (Management Control Panel)
When the administrator navigates to the settings section for a specific client site
And the administrator sets a page limit for that client site
Then the system should enforce the specified page limit for the client site
And attempts to create additional pages beyond this limit should be restricted
And an appropriate notification should be displayed to inform users of the page limit restriction"
496,"CT - As a User, on Add Revision page I should be able to see my Threads and switch between them but not Manage them.","1. User should be able to switch between Threads on Add Revision page
2.User should NOT be able to manage Threads or create new Thread on Add Revision page
3. User should see all comments of the selected Threads","Scenario: Switching Between Threads on Add Revision Page Without Managing or Creating New Threads
Given the user is on the Add Revision page
When they attempt to switch between different Threads
Then they should be able to select and view different Threads
And when a Thread is selected
Then all comments within that Thread should be displayed
But the user should not have the ability to manage existing Threads
And the user should not be able to create a new Thread on the Add Revision page"
31,"As a user, I want on close of Single view redirect to Grouped Approval Review page (don't clear out single page response values)","1. When a user has entered any response info on a single response page and then returns to the List view, those details (comment/response/approved until values) are retained as long as the overall Grouped Review Page is open (As soon as user closes the overall overlay we no longer store this info)
2. This means, if user re-opens that single view, their response details remain ","Scenario: Retaining single view response details on close
 Given I have opened a single response page within a Grouped Approval Review
 And I have entered response information on the single response page
 When I close the single response page and return to the Grouped Approval Review list view
 Then the response details I entered on the single response page should be retained
 And if I reopen the same single response page, the previously entered details should still be present"
317,"PB - (Misc) As a User, I want to set auto-play as default or not for Video Widgets when viewing a Smart Page","1. Be able to set added Video Widget auto-playing on Viewing via the button as per 
2.By default, the auto-play button is unchecked, meaning Videos won’t be auto-played on viewing by default","Scenario: Configuring Auto-Play for Video Widget
Given the user has added a Video Widget
When they open the Video Widget settings
Then an Auto-Play button should be available
And Given the Video Widget is newly added
When the user has not changed the auto-play setting
Then the auto-play button should be unchecked by default
And the video should not auto-play when viewed
And Given the user enables the auto-play button
When they view the Video Widget
Then the video should start playing automatically"
409,Publish Resource Grouped Requests added to Group tab,"1. Grouped Resource Publish requests are to be listed in the Grouped tab in V3 Approval List
2. This may cause the Grouped Tab to display for users that otherwise may not have seen it - ie, a Requester who never previously saw the Grouped Tab but requests their first Grouped Resource Publish request will now see this Tab in the V3 Approvals List.","Scenario: Displaying Grouped Resource Publish Requests in the Grouped Tab of the V3 Approval List
Given a user has submitted their first Grouped Resource Publish request
When the user navigates to the V3 Approval List
Then the ""Grouped"" tab becomes visible to the user
And the user's Grouped Resource Publish request is listed under the ""Grouped"" tab"
491,"[GDA] - As a user, I want to be able to Update my Response in single review page 1/2: Core handling","1. When a Reviewer responds to a request and it remains in Pending (ie, still requires other approvals, or requires all reviewers to respond) then currently in single requests they can Update their response to that request. Users will likewise be able to do so via the single view from Grouped Review page
2. Update Response button displays in ‘My Response’ section as it does currently","Scenario: Allow Reviewers to Update Response for Pending Requests in Single View from Grouped Review Page
Given a Reviewer has responded to a request
And the request remains in Pending status because it requires additional approvals or responses from other reviewers
When the Reviewer navigates to the single view from the Grouped Review page
Then they should be able to update their response to that request
And the Update Response button should be displayed in the ‘My Response’ section, just as it does in the current single request view"
492,"[GDA] - As a user, I want to be able to click Submit & Next (single view) and have validation checks occurs","1. On Submit of single request, the below validation checks occur:
2. If comment is mandatory
3. If response is unfilled","Scenario: Validate Mandatory Comment and Response Before Submitting a Single Request
Given the user is submitting a single request response
When they click Submit
Then the system should check if a comment is mandatory
And if the comment field is empty, display a validation message
And the system should check if a response has been provided
And if the response is unfilled, display a validation message preventing submission"
281,"PB - As a User, I want the status of background Image added via Resource Lookup to be linked with Resource module","1. Be able to *link the status* of the the background Image *with the derived Image resources in Resource Module* if it has been added as *Page* or *Section* background in Page Builder via Resource Lookup
","Scenario: Link Background Image Status with Derived Image Resources in Resource Module
Given a background image has been added as a Page or Section background in Page Builder via Resource Lookup
When the background image exists in the Resource Module
Then the status of the background image should be linked with the derived image resources in the Resource Module
And any changes in the background image status (e.g., active, archived, or deleted) should be reflected in the linked image resources"
357,"Related (V3) - Permission Handling, Updates, and other core existing logic (F.E.) - [1 of 4: Resource Permissions]","1. Instead of just re-writing existing permission logic, changes will need to be made in the re-write to help restore originally intended logic. The below calls out all logic scenarios with the required updates specifically noted with (!). *These should only apply for users using the V3 Related functionality (so tied to the development MCP setting).* 
","Scenario: Restore intended permission logic for V3 Related functionality with development MCP setting
Given the development MCP setting for V3 Related functionality is enabled
And a user with specific permissions is logged into the system
When the user attempts to perform an action related to the V3 Related functionality
Then the system applies the updated permission logic as per the originally intended design
And the user's action is allowed or denied based on these permissions
And the system logs this permission check for auditing purposes"
77,"As a User, I want to Restricted Actions for Template Resources [Database Locations]","1. When a Resource is a created Template or a Master Template, the below Resource Actions +do not display+ for any user: *Download* , Block from Single and Bulk Download, *Alias* ,Block from Single and Bulk Create Alias
2.For A/C, below Resource actions +are+ still supported: *Edit*, *Email Internal Share Link*,  *Move*, *Check in / Out*, *Usage*, *Related*, *Feedback* (when enabled)
","Scenario: Restricting and Allowing Specific Resource Actions for img.ly Templates and Master Templates
Given a resource is created as an img.ly Template or a Master Template
When a user views the available Resource Actions
Then the following actions do not display:

Download
Block from Single and Bulk Download
Alias
Block from Single and Bulk Create Alias
And the following actions are still supported for A/C:

Edit
Email Internal Share Link
Move
Check in / Out
Usage
Related
Feedback (when enabled)"
462,"2FA: option to select between SMS, Email, or both as options to receive the code (option set at the client level, not configurable per user)","1. Under *Admin > Settings > Login and Security*, below the existing *Two-Factor Authentication (2FA)* settings (there can be up to 2 based on conditions), new +mandatory+ checkbox field setting that appears only when User Setting or Global options are enabled: *2FA Type:*, SMS","Scenario: Display Mandatory '2FA Type: SMS' Checkbox Based on Conditions
Given the user is in Admin > Settings > Login and Security
And there are existing Two-Factor Authentication (2FA) settings (up to 2 based on conditions)
When the User Setting or Global option is enabled
Then a new mandatory checkbox field labeled ""2FA Type: SMS"" should appear below the existing 2FA settings
And it should only be visible when one of these options is enabled"
498,As a user I want to filter by number of revisions for Resource Publish Requests in Workflow Request Stats,"1. When the below are selected then new data condition option ‘Markup Comments Revisions’ is available for Workflow +Requests+:
2. ‘All Workflows’ is selected","Scenario: Display ‘Markup Comments Revisions’ Data Condition When ‘All Workflows’ is Selected
Given the user is on the Workflow Requests page
When they select ‘All Workflows’ from the available options
Then a new data condition option ‘Markup Comments Revisions’ should be available for selection"
212,"PB - As a User, I want to report on Resource downloaded (Preview) separately than added in Smart Page for Resource Module (Usage)","1. Be able to track Resource usage reporting and User’s usage reporting - Resource download action that happens in Smart Pages for previously uploaded Resource (Preview type of Resource, aka “Good“ quality) via Resource Lookup
","Scenario: Track Resource download (Preview) separately in Smart Page usage reporting  
    Given the user is in the Smart Page module  
    And the user performs a Resource lookup in the Smart Page  
    When the user downloads a resource in Preview quality  
    Then the Resource download action should be tracked separately in the usage report  
    And the action should be recorded for the previously uploaded Resource (Preview type)  
    And the action should be reported under the Resource Module (Usage) for Smart Pages  "
102,"As a User, I want to set Primary Font Size in Admin and reflect to page title font size in Page Nav (both left & right side)","1.  Be able to set Admin > Template > Primary Font Size and it applies to page title font size in Page Nav 
2. This should be applied whenever I’m viewing the Page Nav, including within the builder (on the right) and when viewing the Page (on the left)
3. Primary Font Size value range: 12 - 16
4. Whatever the primary font size of the platform is, this should be reflected in the Page nav.
5. If the size changes that should also be reflected in the page nav","Scenario: User sets Primary Font Size in Admin and sees it reflected in Page Nav  
    Given the user is in Admin > Template settings  
    When the user sets the ""Primary Font Size"" to a value between 12 and 16  
    Then the page title font size in the Page Nav should update accordingly  
    When the user views the Page Nav in the builder (right side)  
    Then the updated font size should be applied  
    When the user views the Page Nav on the Page (left side)  
    Then the updated font size should be applied  
    When the user changes the Primary Font Size in Admin  
    Then the updated font size should immediately reflect in the Page Nav "
335,"PB - As a User, I want to create a Drag & Drop Page (as a standalone Page) from Nav",1. Be able to create a Drag & Drop Page from Nav via the creation button at the bottom or the action button 'Page' from kebab icon (this action is only for standalone or parent page) as per under ‘All Pages' or specific Page Category in Page Builder,"Scenario: Creating a Drag & Drop Page from Navigation in Page Builder
Given the user is in the Page Builder under ‘All Pages’ or a specific Page Category
When they want to create a Drag & Drop Page
Then they should see the creation button at the bottom of the Nav Panel
And Given the user clicks the creation button
Then they should be able to start creating a Drag & Drop Page
And Given the user is interacting with a standalone or parent page
When they click the kebab menu icon (⋮) and select the ‘Page’ action
Then they should also be able to create a Drag & Drop Page"
476,"As a User, I want to filter Image Resources that flagged with Unknown faces","1. Be able to filter resources with “Unknown People“ condition from resource filter panel if they ever include any Unknown faces in Facial Recognition as per 
2. Be able to always see “Unknown People“ condition below “People” as per (the position of “Unknown People“ is closely blow “People“)","Scenario: Filter Resources by 'Unknown People' in Resource Filter Panel
Given the user is in the Resource Filter Panel
When the resource contains Unknown faces detected by Facial Recognition
Then the user should be able to filter resources using the ""Unknown People"" condition
And the ""Unknown People"" filter option should always be positioned directly below the ""People"" filter in the panel"
337,"PB - As a User, I want to create an empty  Smart Page from the template popup","1. Be able to see and click on the button : “Start with a blank template” as per 
2. Be able to see selected effect as per once click on it","Scenario: Selecting ‘Start with a Blank Template’ in Page Template Popup
Given the user is in the Page Template Popup in V3 Page Builder
When they view the available options
Then a button labeled “Start with a Blank Template” should be visible
And Given the “Start with a Blank Template” button is visible
When the user clicks on it
Then the button should show a selected effect as per design
And the user should proceed to create a blank page template"
441,As a user I can only select a max of 300 items to Review in Bulk (FE),"1. When user has selected 300 total items, then:
2. All other select icons for non-selected items in the list become disabled","Scenario: Disable Selection of Additional Items After Reaching Selection Limit
Given I am on a page with a list of selectable items
When I select items from the list
And the total number of selected items reaches 300
Then the selection controls for all non-selected items should become disabled
And I should not be able to select any additional items beyond the 300-item limit



"
174,"MCP Front End - As a User, I can View details of a server","1. Clicking view icon from Servers table opens View mode for Servers form
2. Servers form in view mode","Scenario: Viewing a Server Entry from the Servers Table
Given the user is on the Servers table
When the user clicks on the View icon for a server entry
Then the Server form should open in View mode
And the form fields should be non-editable"
3,"As an IB team member, I want to be able to enable a GIF/Lottie setting in MCP so that I can control all the settings from one place","1. We need an MCP feature flag/setting called “Resources - GIF/Lottie Preview Support” in the Development Use Only area. If this setting is enabled then any tickets as part of this project become enabled, if disabled then no GIF/Lottie preview features should be available on the platform.
2. Lottie general file support can be independent if needed 
3. A setting called “Resources - GIF/Lottie Preview Support” should be created in the Development Use only area of the MCP. 
4. The setting must be a toggle switch that can be enabled and disabled as needed. 
5. When enabled, any GIF/Lottie Preview tickets as part of this project must become enabled. 
6. When disabled, no GIF/Lottie Preview settings should be available on the platform.
","Scenario: Verify GIF/Lottie Preview Support related MCP setting availability
  Given I am an admin or a participant who is in the platform setting tab on MCP
  When I check for GIF/Lottie Preview Support 
  Then I can see this setting under development only area
  When I try to enable/ disable the setting
  Then I can click and unclick"
334,"PB - [1/4] As an Internal User, I want to have MCP(development use only) settings to enable/disable features per Epic for Drag & Drop Page MVP ",1. Add a MCP setting “Smart Pages - Page Templates (development use only)“ under Development Use only,"Scenario: Adding ""Smart Pages - Page Templates (development use only)"" Setting in MCP
Given the user has access to the MCP settings
When they navigate to the Development Use Only section
Then a new setting named “Smart Pages - Page Templates (development use only)” should be displayed
And Given the setting is visible
Then the user should be able to enable or disable it based on their preferences"
410,Grouped Record Files - Grouped Completion Email to Requester,"1. Following, when *Enable Grouped Requests* setting is enabled + *Requester > Grouped Request has been completed* Grouped notification settings is enabled (in Select scenario or as part of ‘All’), then on Grouped Record File request being made, then:
2. Individual emails are no longer sent for these requests as they are individually completed ","Scenario: Suppressing Individual Completion Emails for Grouped Record File Requests
Given the 'Enable Grouped Requests' setting is enabled
And the 'Requester > Grouped Request has been completed' notification setting is enabled
When a grouped Record File request is made
Then individual completion emails should not be sent for each request as they are completed
And a single grouped completion notification should be sent to the requester upon completion of the grouped request"
71,"As a user who can reassign, I can select multiple reviewers","1. Prerequisite is enabled has been opened
2. The users that can be selected will depend on logic implemented in other tickets, but here we will handle that multiple users can be selected from the dropdown and +appear in the field once selected, as per designs","Scenario: Users can select multiple users from the dropdown when Prerequisite is enabled
Given the Prerequisite option is enabled and opened
When the user selects multiple users from the dropdown
Then the selected users should appear in the field as per the designs
And the dropdown should allow multiple selections based on the implemented logic from other tickets"
210,"PB - As a User, I want to see a new landing page","1. Be able to see just empty Sections with no ""Blocks""","Scenario: User views a new landing page with empty Sections  
    Given the user is in Page Builder  
    When the user creates a new landing page  
    Then the page should display empty Sections  
    And there should be no Blocks inside the Sections  "
64,"As a User, I want to edit Font in Text Widget","1. Be able to edit Rich Text Editor for Text Widget Fonts
2. Be able to have the same Fonts as in current custom page Rich Text Editor
3. Additionally, be able to have custom fonts added from Admin (if available)","Scenario: Edit Fonts in Rich Text Editor for Text Widget
Given the user has added a Text Widget to a Block
When they open the Rich Text Editor and click on the font dropdown menu
Then they should see the same font options as in the current custom page Rich Text Editor
And if custom fonts have been added from Admin, they should also be available in the dropdown
And when the user selects a font, the text within the Text Widget should update accordingly"
385,"PB - As a User, I want to re-order pages within the same parent/root via Nav - FE UI component","1. Be able to re-order Pages via drag-and-drop from Nav Panel during editing
2. Sub-pages will be moved all together with Page if it contains any
3. After drag-and-drop of Pages, Sub-pages will be *collapsed* under Page from Nav Panel","Scenario: Reordering Pages and Sub-Pages via Drag-and-Drop in Navigation Panel
Given a user is in editing mode within the Page Builder
When the user drags a page that contains sub-pages to a new position in the Navigation Panel
Then the page, along with all its sub-pages, should move together to the new position
And after the move, the sub-pages should be collapsed under the parent page in the Navigation Panel
And the updated page order and hierarchy should be saved and persist across editing and viewing modes until changed again by the user"
94,"As a user, who I can select as collaborator updates based on if 'all' is allowed in Template settings","1. If ‘All users’ is selected in ‘*Collaborators permissions*’ in Workflow Template settings page
then
2. All Active platform users can be selected as a Collaborator can be anyone on the platform
3.This means the bypass permissions will be extended to any selected user,_ +_even if they lack permission to the source item module, etc_+ ","Scenario: All Active Platform Users Can Be Selected as Collaborators and Granted Bypass Permissions
Given ‘All users’ is selected in Collaborators permissions in the Workflow Template settings page
And I am an active platform user
When I am added as a collaborator to a supported request
Then I should be granted bypass permissions to the source item associated with the request
And I should be able to access the request even if I previously lacked permission to the source item module"
486,"PB - (Misc) As a User, I want to exit Editing mode and go back to Custom Page List during creating/editing a Simple Page",1. Be able to see and click on page exit button from the top bar as per to exit Editing mode when,"Scenario: Click Page Exit Button to Exit Editing Mode
Given the user is in Editing Mode
When they view the top bar
Then the page exit button should be visible as per the design
And when the user clicks on it
Then they should exit Editing Mode"
186,"PB - As a User, I want to configure both Block and Text Widget properties","1. Be able to see and configure the new widget settings from Nav (combining previously defined Block and Widget's settings) for each widgets:
","Scenario: User configures settings for Block and Text Widgets  
    Given the user is in the Page Builder  
    And a Block Widget or a Text Widget is placed within a Section  
    When the user selects the Block Widget or Text Widget  
    Then the widget settings panel should open in the navigation panel  
    And the settings should include previously defined Block and Text Widget properties  
    When the user modifies any settings in the panel  
    Then the changes should be applied to the selected widget in real time  
    And the settings should persist when the page is saved "
34,"As a User, I want to Change the tagged face to another Person (existing) via drop-down menu on Training Centre","1. Be able to see the training centre 
2. Be able to proceed to update to another existing Person from the drop-down menu after detaching the Face, and then simultaneously saved","Scenario: Detach face and reassign to another person from dropdown
  Given I am in the training centre
  And I can see a face assigned to ""John Smith""
  And ""Sarah Johnson"" exists as another person in the system
  
  When I detach the face from ""John Smith""
  Then I should see the face is no longer assigned to ""John Smith""
  
  When I click the person selection dropdown
  Then I should see a list of existing people
  And ""Sarah Johnson"" should be visible in the dropdown
  
  When I select ""Sarah Johnson"" from the dropdown
  Then the face should be automatically assigned to ""Sarah Johnson""
  And the changes should be saved immediately
  And the face should now appear under ""Sarah Johnson"" in the training centre"
78,"As a User, when I create, update and delete a Server and the action has failed, show a snackbar message to show the error","1. After creating a Server and it fails, the page remains open and a snackbar appears with the error message 
2. After editing a Server and it fails, the page remains open and a snackbar appears with the error message 
3. After deleting a Server and it fails, the dialog remains open(?) and a snackbar appears with the error message
","Scenario: Handling Server Creation, Editing, and Deletion Failures
Given a user creates, edits, or deletes a Server
When the operation fails
Then the page or dialog remains open
And a snackbar appears with the error message"
1,"As a user, I want to enable image tagging from the Asset Intelligence section in the MCP settings","1. A new MCP setting is to be created under the Asset Intelligence section for Image Tagging (Azure). We may try any tie some of the existing Imagga settings later but for now we’ll keep seperate. 
2. Under Enable Video / Audio Tagging: there needs to be a new setting called Enable Image Tagging 
3. All Image Tagging Capabilities and categories will be dependant on this setting 
4. If this setting is enabled, then the platform should ignore any Imagga functionality and use Azure only
5. Underneath the setting Azure Video Processing Limit (per billing cycle):  there needs to be a new setting called Azure Image Processing Limit (Images) (per billing cycle):
6. While we’re here, change  Azure Video Processing Limit (per billing cycle): to  Azure Video Processing Limit (minutes) (per billing cycle):
7. Any Azure functionality and tickets worked on in this project should be tied to the Enable Image Tagging setting","Scenario:  Verify the MCP setting
Given I am an admin 
When I go to MCP setting
Then I can see a new MCP setting called ""Enable Image Tagging:"" is available under Asset Intelligence section -> Enable video / Audio Tagging
And I can see a new setting under asset intelligence as ""Azure Image Processing Limit (Images) (per billing cycle):""
And I can see Azure Video Processing Limit (per billing cycle): is changed to Azure Video Processing Limit (minutes) (per billing cycle):"
12,"As a user, I want to be able to preview the GIF or Lottie File converted MP4 on the Versions/Revisions Screen so that I can preview what the animation is before adding a version/revision","1. Users should see the preview of the GIF or Lottie File converted MP4 on the Version OR Revision Tab of the Approvals Screen. This should help users to preview the animation while approving
2. As a user on the Version or Revision Tab
3. The preview should show the GIF or Lottie File converted MP4.
4. Approvals uses PDFTron
5. The controls should be hidden
6. The MP4 should autoplay","Scenario: Verify the GIF and Lottie file preview on the Markup Screen in Approvals
  Given I am an admin 
  When I upload Lottie and the GIF file
  And navigate to the Markup Screen in Approvals
  Then The file should have converted to MP4
  And The controls should be hidden
  And The MP4 should autoplay"
416,[X-Template] Bulk Approvals - Select logic: Advanced cross template/type select (excluding record requests) - Full support/logic,"1.This ticket expands the support for what other requests can be selected from the Approval List when one item is selected, so that:
2.If multiple Templates have *Enable Bulk Reviewing* enabled","Scenario: Selecting Multiple Requests for Bulk Review Across Templates with 'Enable Bulk Reviewing' Enabled
Given multiple workflow templates have the 'Enable Bulk Reviewing' setting enabled
And there are pending requests associated with these templates in the approval list
When I select a request associated with one template
Then I should be able to select additional requests associated with other templates that also have 'Enable Bulk Reviewing' enabled
And I can perform bulk review actions on the selected requests"
23,"As a user, I want to see an Exit without saving warning when I try to leave the Bulk Edit Page/Process","1. If a user opens Bulk Edit, and then clicks Exit/Cancel, we will assume a change has been made somewhere in the process - data added on bulk page, or single view edit made - and so we will always show an abandon pop-up similar to Bulk Upload > Exit/Cancel
2. Pop-up Title: ‘Exit without saving {{ResourcesPlural}}’
3. Pop-up Text:  If you click the Exit button, none of the {{ResourcesPlural}} currently on your Bulk Edit screen will be updated. To Save your Edits, Cancel this popup and click Save Changes.’ 
4. Pop-up buttons:
Cancel - Returns user to the Bulk Edit page
Exit - Exits user and returns them to the folder","Scenario: Exit Without Saving Warning in Bulk Edit
    Given user is on bulk edit page
    When user clicks on the Exit/Cancel button
    Then pop should appear with the title ""Exit without saving {{ResourcesPlural}}""
    And pop should display the message:
      | If you click the Exit button, none of the {{ResourcesPlural}} currently on your Bulk Edit
      | screen will be updated. To Save your Edits, Cancel this popup and click Save Changes
    And pop should have two buttons: Cancel and Exit
    When user clicks on cancel
    Then user returns to bulk edit page
    When user clicks on the exit
    Then user returned to the folder"
73,"As a user, I want to be able to open a reassign V3 Modal (Core new UI)","1. Prerequisite is enabled
2. Using existing re-assign actions and following existing permission logic of who can re-assign and when, then when a user clicks on re-assign a new V3+ UI modal displays +as per designs+
3. This ticket is to handle only the core UI for this new modal, noting we have other tickets in the UI Epic to address specific scenario/logic handling within the UI","Scenario: Display new V3+ UI modal when re-assigning with Prerequisite enabled
Given the Prerequisite option is enabled
And the user has the necessary permissions to re-assign based on existing logic
When the user clicks on the re-assign action
Then a new V3+ UI modal should be displayed as per the designs
And the core UI structure should be implemented, with further logic handled in other tickets"
183,"PB - As a User, I want to have previous 'Block' background colour setting embedded in Text Widget toolbar after combining these two","1. Be able to have have previous 'Block' background colour setting embedded in Text Widget toolbar as per  
2. Be able to click on the background colour setting in text widget toolbar and open the colour swatch popover then set the colour for Text Widget background","Scenario: User sets background color for the Text Widget  
    Given the user is in the Page Builder  
    And a Text Widget is placed within a Block  
    And the previous 'Block' background color setting is embedded in the Text Widget toolbar  
    When the user clicks on the background color setting in the toolbar  
    Then a color swatch popover should open  
    When the user selects a color from the swatch  
    Then the selected color should be applied as the background color for the Text Widget  
    And the applied background color should persist when the page is saved"
132,"As a User, I can click Add from Servers Page and I am taken to Servers Create page","1. Add Button from the Servers Landing Page
2. Add button will always show for now, permissions will be tackled in a separate ticket)","Scenario: Display Add Button on Servers Landing Page
Given the user is on the Servers Landing Page
When the page loads
Then the ""Add"" button should always be visible
And the visibility of the ""Add"" button should not be affected by user permissions (as permissions will be handled in a separate ticket)






"
411,Grouped Record Files - Grouped Email Notification Settings added to Record File Templates,"1. When MCP development setting from is enabled, and the new ‘*Enable Grouped Requests*’ setting is enabled in Admin > Workflow location for existing or new Record File Approval Templates, then additional Notification options appear when User Notifications is set to ‘Select’ 
2. *Requester Emails*","Scenario: Display Additional Notification Options When 'Enable Grouped Requests' is Enabled
Given the 'MCP development' setting is enabled
And the 'Enable Grouped Requests' setting is enabled in Admin > Workflow for a Record File Approval Template
And 'User Notifications' is set to 'Select'
When a user configures the notification settings
Then additional notification options for 'Requester Emails' should be displayed"
194,"BP - (Misc) As a User, I want to Replace resources via Resource Lookup from Nav Panel","1. Be able to still see and click on the button “Replace“ to select another Resource via Resource Lookup from Nav Panel in Page Builder, after selecting a Resource successfully, as per design
2. Lookup feature:Page background
3. should ONLY update tooltips: “Select an image from your Resourcecustomsingular area“ for this *Replace* button (previous tooltips on Select button remain the same) to the areas:Page background
4.should ONLY update tooltips: “Select a video from your Resourcecustomsingular area“ for this *Replace* button (previous tooltips on Select button remain the same) to the areas: Video Widget","Scenario: User can replace resources in Page Builder using Resource Lookup  
    Given the user is in Page Builder and viewing a Page  
    When the user clicks the ""Replace"" button for a resource in the Nav Panel  
    Then the user should be able to select another resource via Resource Lookup  
    And the tooltip for the ""Replace"" button should update to ""Select an image from your Resource custom singular area"" when replacing a page background  
    And the tooltip for the ""Replace"" button should update to ""Select a video from your Resource custom singular area"" when replacing a video widget  
    And the tooltip for the ""Select"" button remains the same as before  
    And the resource is updated with the newly selected resource after confirming via the Resource Lookup  
    And the ""Replace"" button should behave as per design after selecting a new resource  "
56,"As a User, I want to access Reply action for New Comments in Daily Digest Email","1. Be able to see and click on ""Reply"" as per design
2. Be able to re-direct to the Reply page in new tab
3. Be able to have applicable comment highlighted ready to reply to & text-box will be active as well","Scenario: Replying to a Comment
Given the user is viewing a comment section
When the user clicks on the ""Reply"" button as per the design
Then the system should open the Reply page in a new tab

And the applicable comment should be highlighted
And the reply text box should be active and ready for input"
149,"As a User, I want to  end my Session automatically when I leave the page by default",1. Be able to end the session automatically by default for the user when close the markup overlay,"Scenario: Automatically End Session When Markup Overlay is Closed
Given the user has an active session in the markup overlay
When the user closes the markup overlay
Then the system should automatically end the user session by default






"
19,"As a Database Manager, I want to allow end users to Add More child records ('Add More') - Handle maximum child records","1. Configure Auto-Created Records overlay in the form builder, a setting called Allow User to Add More {Recordcustomnameplural} was added
2. While 30 is maximum total number of child records, we will keep this field ‘Allow User to Add More {Recordcustomnameplural}’ enabled / clickable even if 30 exist in config, since end users can potentially remove non-mandatory ones (which would then let them add more)
3. If however 30 exist in config and ALL 30 are disabled for ‘Allow User to skip…’ then we de-select + disable this field. This is because in this scenario end user cannot add more.  
4. Disabled state hover updates to:
The max 30 {{Records}} has been added here. Remove any of the above to allow users to add more.
{{Records}} here = child custom record plural name","Scenario: 'Allow User to Add More' setting with 30 records
      Given I am in the Configure Auto-Created Records overlay
      When I add 30 records 
      And 1 of those records has 'Allow User to skip…’ enabled
      Then I can enable 'Allow User to Add More'
      When I disable 'Allow User to skip…’ on the last record
      Then 'Allow User to Add More' is disabled
      And if I hover over the setting I see the text 'The max 30 {{Records}} has been added here. Remove any of the above to allow users to add more.'"
205,"PB - As a User, I want to add a new Widget ""Spacer""","1. Be able to see and drag a new type of Widget ""Spacer"" as per design in a Section from Nav
2. Be able to see and configure settings for Spacer in order: Colour (by default, #FFFFFF) Padding (by default, 0pt for all directions) Ratio (by default, it follows the existing behaviour: 12 for an empty Section)
3. Be able to further drag a Section in this Widget (just to cater to previous behaviour of dragging a Section to a Block)
","Scenario: User adds and configures a Spacer Widget in a Section
    Given the user is in Create/Edit mode in Page Builder
    And the user can see the ""Spacer"" Widget in the Nav panel
    When the user drags the ""Spacer"" Widget from the Nav panel to a Section
    Then the Spacer Widget should be added to the Section
    And the Spacer Widget should have default settings:
      | Property | Default Value  |
      | Colour   | #FFFFFF        |
      | Padding  | 0pt (all sides) |
      | Ratio    | 12 (for empty Section) |
    When the user opens the Spacer Widget settings
    Then the user should be able to modify the Colour, Padding, and Ratio properties
    When the user drags a Section into the Spacer Widget
    Then the Section should be successfully nested inside the Spacer Widget"
79,"As a User, I want MCP Setting for Single User Record Editor Restriction","1. New development setting added to “*Development Use Only”* section of MCP:
2. Setting name: *Databases - Single User Record Edit Restriction*
3. Location: Can be added to bottom of the list","Scenario: Adding a New Development Setting for Single User Record Edit Restriction
Given the user has access to the MCP (Master Control Panel)
When the user navigates to the ""Development Use Only"" section
Then a new setting named ""Databases - Single User Record Edit Restriction"" is available
And it is located at the bottom of the list"
495,As a user I want to see time to complete for requests in Workflow Dashboards (UPDATE) including Reviewed Status Requests,1. For Item List when either ‘All Workflows’ or a specific Workflow is selected ,"Scenario: Display Items Based on Workflow Selection
Given the user is on the Item List page
When they select either ‘All Workflows’ or a specific Workflow from the filter
Then the item list should update to display only the items that match the selected workflow criteria






"
263,"PB - As a User, I want to delete a Block","1. Be able to select and see the tool bar then click on the delete icon to delete the block
2. Be able to delete the Block and all Contents within
3. Be able to trigger Undo and revert back if click on undo
4. Be able to see the remaining Blocks auto-aligned within a Section if the target Block gets deleted","Scenario: User deletes a Block from a Simple Page  
    Given the user is in the Simple Page Builder  
    And the user has added at least one Block to a Section  
    When the user selects a Block  
    Then the toolbar should appear with a delete icon  
    When the user clicks on the delete icon  
    Then the Block and all its contents should be removed  
    When the user clicks ""Undo""  
    Then the deleted Block and its contents should be restored  
    When a Block is deleted  
    Then the remaining Blocks should auto-align within the Section  "
324,[Ask AI Alpha] As a user I want to choose to search whole platform or current location (UI + pendo),"1.  ‘Limit to current view’ checkbox field appears under question field
2. This is always enabled by default when panel is opened","Scenario: Displaying and Enforcing Default State of ‘Limit to Current View’ Checkbox
Given the user has opened the ‘Ask AI’ side panel
When the panel is displayed
Then a ‘Limit to current view’ checkbox should appear under the question field
And the checkbox should be enabled by default"
484,"As a User, I want to see New Replies in Daily Digest Email","1. Be able to see new replied markup comments in daily digest email as per design
2. Be able to see replied comment contents, user, time etc (in current logic)","Scenario: Display Replied Markup Comments in Daily Digest Email
Given the user has enabled daily digest emails for markup comments
And there are new replies to markup comments
When the daily digest email is generated
Then the replied markup comments should be included as per the design
And the email should display the replied comment contents, user, and timestamp according to the current logic"
80,"As a user who has selected Master Template option, if I can see none, I am directed to Create a blank one instead","1. If either no Mater templates exist, then the ‘No Master Templates available’ message displays and user can select to Create a Blank Template instead, as per designs

","Scenario: Displaying 'No Master Templates Available' Message
Given the user opens the Master Template overlay
And there are no Master Templates available
Then the message ""No Master Templates available"" is displayed
And the user is given the option to Create a Blank Template as per designs






"
40,"As a Product user, I want to be able to turn the Record Publish Approval feature on / off during development (MCP)",Rename the existing MCP setting name from Databases - Record Publish Approval Rewrite POC (devevelopment use only to Approvals - Record Publish Approval Rewrite (development use only),"Scenario: Product user toggles Record Publish Approval feature during development
  Given the user is a Product user with access to MCP settings
  When the user navigates to the MCP development settings section
  And the user sees the setting labeled ""Approvals - Record Publish Approval Rewrite (development use only)""
  Then the user should be able to enable or disable the Record Publish Approval feature
  And the system should respect the setting by turning the feature on or off accordingly"
452,As a user I want to see 'Review Request' bulk action in action dropdown in footer,"1. When one item’s checkbox is selected, the Bulk Action footer bar displays ","Scenario: Display Bulk Action Footer When One Item is Selected
Given the user is on the items list page
And there are multiple items displayed with checkboxes
When the user selects a single item's checkbox
Then the Bulk Action footer bar should be displayed"
47,"As a User, I want to see Block ""ratio"" simply changed to ""width""","1. Be able to see the current Block’s “Ratio“ configurations on Side Panel changed to “Width“ as the title 
2. Be able to see the description label “BLOCK RATIO“ in between the “Width“ title and the slider","Scenario: View and adjust block width ratio settings
 Given I am viewing the Side Panel
 And I have a block selected
 
 Then I should see the width configuration section with:
   | Element       | Display                    |
   | Title        | ""Width""                    |
   | Description  | ""BLOCK RATIO""              |
   | Control      | Ratio adjustment slider    |
 
 When I view the width configuration layout
 Then I should see elements ordered as:
   1. ""Width"" title at the top
   2. ""BLOCK RATIO"" description below title
   3. Ratio slider control at the bottom"
239,As a user I can Bulk Submit (updates from Grouped work),"1. Behaviour here should follow the same as it does in Grouped Review page, including: Submit & Continue button hover tooltip text, Snackbars after Submit
2.Actual Submit processing logic, including updating the item in the list accordingly after successful submit 
3. Behaviour here need extra check, including: Able to complete staged request multiple times to proceed its stage until completed
4.The Complete Stage works for last stage completion
5. Able to save staged request with mixed current stage","Scenario: User bulk submits updates and completes staged requests  
    Given the user is on the Bulk Review page  
    When the user clicks the ""Submit & Continue"" button  
    Then the button should show the correct hover tooltip text  
    And the system should display the appropriate snackbar after the submit  
    And the items in the list should be updated accordingly after a successful submit  
    And the user should be able to complete staged requests multiple times until they reach the last stage  
    And the ""Complete Stage"" should mark the request as completed when in the last stage  
    And the user should be able to save staged requests with mixed current stages  "
392,"[QW 3/5] Requester Re-assign: Load users (user list, load all users) from workflow config - (v2 component approach)","1. Change from to exclude V2 Approval List from this new logic.
2. This means in V2 List, that Requesters cannot re-assign to any request unless Workflow or Main Admins ","Scenario: Restrict Requester Re-assignment Permissions in V2 Approval List
Given a requester is accessing the V2 Approval List
When the requester attempts to re-assign a request
Then the system should prevent the requester from re-assigning the request
And only users with Workflow Admin or Main Admin roles should have the permission to re-assign requests in the V2 Approval List"
353,"PB - As a User, I want to see a new landing page","1. Be able to see just empty Sections with no ""Blocks""","Scenario: Viewing Empty Sections Without Blocks
Given the user is in Page Builder
And the Page is in Create or Edit mode
When the user adds a new Section
Then the Section should be visible as an empty container
And it should not contain any Blocks by default
And the user should have the option to drag Widgets into the empty Section"
342,"BP - (Misc) As a User, I want to see the Page Tree remain the same while switching Pages from Nav Panel","1. Be able to see Page Tree remain the same while switching pages from Nav Panel during Viewing or Editing
2. If the parent page is expanded with sub-pages displayed under it, the Tree view should remain the same while switching to any other pages","Scenario: Maintaining Page Tree Structure While Switching Pages
Given the user is in the V3 Page Builder
And the Page Tree is displayed in the Nav Panel
When the user switches between pages during Viewing or Editing
Then the Page Tree structure should remain unchanged
And Given the parent page is expanded with sub-pages displayed under it
When the user navigates to a different page
Then the expanded parent page and its visible sub-pages should remain unchanged in the Page Tree"
278,"As a user, I want to see the seq ID of the record in the header","1. Display sequence ID in a Chip component
2. Sequence id truncates with tooltip to display value
3. Copy icon and ability to copy","Scenario: Displaying Sequence ID in a Chip Component with Truncation and Copy Functionality
Given the user is viewing a record with a Sequence ID
When the Sequence ID is displayed
Then it should be shown inside a Chip component
And if the Sequence ID is too long, it should be truncated
And when the user hovers over the truncated Sequence ID, a tooltip should appear displaying the full value
And a copy icon should be available next to the Sequence ID
When the user clicks the copy icon
Then the full Sequence ID should be copied to the clipboard
And a confirmation message should appear indicating that the ID has been copied successfully"
291,"PB - As a User, I want to assign / re-assign an existing parent / standalone page to an existing Page Category",1. Be able to assign or re-assign (aka. update to attach to another Page Category) *a standalone Page* or *Parent including sub-pages together* to an existing Page Category via the Assign Page Category button as per,"Scenario: Assign or Re-Assign a Page or Parent with Sub-Pages to a Page Category
Given the user is on the Assign Page Category interface
When the user selects a standalone Page or a Parent Page (including all sub-pages) to be assigned or re-assigned to an existing Page Category
And the user confirms the action
Then the selected Page or Parent Page with sub-pages should be assigned to the chosen Page Category
And the Page(s) should now appear under the newly assigned Page Category in the navigation"
318,"[Ask AI Alpha] As a Main Admin user, only I and other Main Admins can use 'Ask AI' in Alpha phase","1.  In Alpha phase, only Main Admin users can see the ‘AI Assist’ button 
2. Users who are not Main Admins cannot see the ‘AI Assist’ button, and therefore cannot access this feature 
3. Main users emulating non Main Admin users should also not be able to see this button (but may be acceptable handling for alpha until we update permissions
","Scenario: Visibility of ‘AI Assist’ Button Based on User Role
Given the platform is in the Alpha phase
When a Main Admin user logs in
Then they should see the ‘AI Assist’ button in the interface
And Given a user who is not a Main Admin logs in
When they access the interface
Then they should not see the ‘AI Assist’ button
And they should not be able to access this feature
And Given a Main Admin user is emulating a non-Main Admin user
When they navigate the interface as the emulated user
Then they should also not see the ‘AI Assist’ button"
305,"PB - As a User, I want to configure both Block and Button Widget properties","1. Be able to see and configure the new widget settings from Nav (combining previously defined Block and Widget's settings) for each widgets:
2. *Button*:
3. Button Text
4. Button Link","Scenario: Configuring Button Widget Settings from Navigation
Given the user is in the application
And the navigation menu contains a section for widget settings
When the user selects the ""Button"" widget from the navigation menu
Then the widget settings panel should display the combined settings of Block and Widget
And Given the user is viewing the ""Button"" widget settings
When they enter a new text value in the ""Button Text"" field
Then the button in the widget should update to display the entered text
And Given the user is viewing the ""Button"" widget settings
When they enter a valid URL in the ""Button Link"" field
Then the button should be configured to navigate to the entered URL when clicked"
269,"PB - As a User, I want to move Widgets across Blocks","1. Be able to reorder added Widget across Blocks in the same Section by clicking and holding the reorder icon as per design, only if the target Block is empty
2. Be able to reorder added Widget across Blocks to a different Section by clicking and holding the reorder icon as per design, only if the target Block is empty
3. Be able to see selecting and hovering effects while dragging and reordering widgets across","Scenario: User moves a widget to another Block within the same Section
    Given the user is on the Simple Page Builder page
    And there are multiple widgets in different Blocks within the same Section
    And the target Block is empty
    When the user clicks and holds the reorder icon of a widget
    And drags the widget to the target Block within the same Section
    Then the widget should be successfully moved to the target Block
    And the user should see selecting and hovering effects while dragging the widget
"
70,"As a User, I want UI Button / Action on Template Resource in Info Preview to Create Job, which opens in Editor","1. A new action is added only to img.ly+IB created Templates (Master or Standard) for users who have permission to Create Jobs (all users that have access to that folder) on the Info Preview page
2. Action opens Template in  as a Job, as it does currently from other ‘Create Job’ locations","Scenario: Users with Create Jobs permission can open img.ly+IB Templates as a Job
Given a user is on the Info Preview page of an img.ly+IB created Template (Master or Standard)
And the user has permission to Create Jobs (i.e., access to that folder)
When the user selects the new action
Then the Template should open as a Job
And it should function the same way as other ‘Create Job’ locations"
456,"As a user I only see enabled checkboxes for relevant items (disable for records, and for relevant users Reviewers/Admins)","1. When the new column displays , then when nothing is selected, the checkboxes within this column may only show as +selectable/enabled+ for the below:
2. Pending *Record File Approval* requests (when enabled at template level)
3. Pending *Resource Feedback Approval* requests (when enabled at template level) ","Scenario: Checkbox Availability in the New Column
Given the new column is displayed
And no items are selected
When the user views the checkboxes within this column
Then the checkboxes should be enabled only for:
Pending Record File Approval requests (if enabled at the template level)
Pending Resource Feedback Approval requests (if enabled at the template level)
And checkboxes for all other requests should be disabled or unselectable"
466,"As a user in single view when I click previous/next, or Save & Next,  this takes into account my Search/Filtered results","1. User can then change search to see more items
2. If the single item is the last in the folder, then this will be handled in","Scenario: User Can Change Search to See More Items and Handle Last Item in Folder
Given the user has performed a search and sees a list of items
When the user modifies the search criteria
Then more items should be displayed based on the new search query
And if only a single item remains in the folder, it should be handled according to the defined system behavior"
155,"As a User, I want Markup Page begins the session once the first activity on Updates to Comment Status, Edited Comments, Deleted Comments, or New Revisions gets sent to backend","1. Be able to start the session for the user once there's a new action on the Markup Page, including:
Updates to Comment Status
Edited Comments
Deleted Comments","Scenario: Automatically Start Session When a New Action Occurs on the Markup Page
Given the user is on the Markup Page
And the session is not yet active
When the user performs any of the following actions:
Updates the comment status
Edits an existing comment
Deletes a comment
Then the system should automatically start the session for the user






"
83,"As a user creating a job, I can only edit / configure elements allowed by Template creator","1. As Job Creators open the Editor in Adopter Mode they will only be able to interact with layers and elements depending on what was configured by the Template Creator
2. Restrictions apply for all users, even Admins and Template Creator","Scenario: Job Creators Can Only Interact with Allowed Layers and Elements in Adopter Mode
Given a Job Creator opens the Editor in Adopter Mode
When they attempt to interact with layers and elements
Then they can only modify elements based on the restrictions set by the Template Creator
And restricted elements remain non-editable for all users, including Admins and the Template Creator






"
478,"PB - (Misc) As a User, I want to have a standard Text Widget - Link input without a placeholder",1. Be able to see text widget link popup as per ,"Scenario: Display Text Widget Link Popup as Per Design
Given the user is editing a Text Widget
When the user selects text and clicks the link option
Then the link popup should be displayed
And it should appear as per the specified design requirements"
173,"MCP Front End - As a user, I can update server details","1. Clicking on Edit icon from Servers table opens up Servers form in update mode
2..Warning Message when updates are done and Cancel/Close button is clicked","Scenario: Editing a Server Entry and Handling Unsaved Changes
Given the user is on the Servers table
When the user clicks on the Edit icon for a server entry
Then the Server form should open in update mode
When the user makes updates to the form and clicks on the Cancel or Close button
Then a warning message should be displayed, prompting the user to confirm if they want to discard unsaved changes"
322,[Ask AI Alpha] As a user I want to enter a question in 'Ask AI' field,"1. Question field displays as text field under panel header
2. Placeholder text: ‘Ask me a question’","Scenario: Displaying Question Field in ‘Ask AI’ Side Panel
Given the user has opened the ‘Ask AI’ side panel
When the panel is displayed
Then a text field for entering a question should appear under the panel header
And Given the question field is visible
Then it should display the placeholder text: ‘Ask me a question’"
91,"As a User, I want to Update Workflow Template Configure Groups/Divisions to be a modal not full overlay","1.To update following designs, no changes to logic unless noted in design requirements in figma","Scenario: Updating UI Based on New Designs Without Changing Logic
Given the system is displaying the current UI
When the updated designs are implemented
Then the UI updates to match the new design specifications from Figma
And no changes are made to the existing logic unless explicitly noted in the design requirements






"
181,"As a user, I want to freely navigate between stages (Staged)","1. Reuse navigation from
2. Show stages
3. Show status of Stages","Scenario: Display Navigation with Stages and Their Status
Given a user is on a multi-stage workflow form
When the user views the navigation panel
Then the navigation should display all stages of the workflow
And each stage should show its current status (e.g., Completed, In Progress, Pending)
And the user should be able to navigate between stages using the existing navigation system"
415,"PB - (DND replace) As a User, I want to create a sub-page for an exisiting Smart Page via Nav","1. Be able to click on setting button of a simple page from Nav as per 
2. Be able to see the sub-page popup as per 
3. Be able to input the sub page's title and save (change ""Done"" to ""Save"")","Scenario: Adding a Sub-Page via Navigation Settings
Given I am in the navigation panel in editing mode
When I click on the settings button of a simple page
And I select the ""Add Sub-Page"" option
Then a sub-page creation popup should appear
When I input the sub-page's title
And I click the ""Save"" button
Then the new sub-page should be added under the selected simple page in the navigation panel"
313,"PB - As a User, I want to see Drag & Drop Page thumbnails as preview in Custom Page v2 index page",1. Be able to preview pages as thumbnails for Drag & Drop Pages in v2 index page for both List and thumb layout views,"Scenario: Previewing Pages as Thumbnails for Drag & Drop in v2 Index Page
Given the user is on the v2 index page
When they switch to either List view or Thumbnail layout view
Then each page should be displayed as a thumbnail preview
And Given the user is viewing the page thumbnails
When they attempt to drag and drop a page to reorder it
Then the page should be repositioned correctly in the updated order
And the thumbnail preview should reflect the new position accordingly"
279,"As a user, I want to see the status of the record in the header","1.Possible values:Draft,  Archived","Scenario: Display Possible Values for a Record Status
Given the user is viewing or updating a record
When the status field is displayed
Then the possible values for the status should be ""Draft"" and ""Archived""
And the user should only be able to select between these two values






"
382,Guest Upload MVP: Hide Close/Cancel/databaseName/etc for public users,"1. When user is a Public user and is Creating a public record, then:
2. We drop the Database name in the page header altogether (so header just says “Create {{Record}}”)
3. Hide the 'x' close icon","Scenario: Public User Creates a Record Without Database Name in Header and No Close Icon
Given a public user is on the ""Create Record"" page
When the page is displayed
Then the page header should read ""Create {{Record}}"" without mentioning the database name
And the 'x' close icon should not be visible on the page"
473,"PB - As a User, I want to set Page/Section/Block/Widgets Colour in Opacity ","1. Be able to set Page/Section/Block 's background, Colour Palette Widget 's Colour, Button Widget's Text & Background in opacity as per design
2. Be bale to se the transparency / opacity via the opacity bar blow the hue bar as per ","Scenario: Set and Adjust Opacity for Page/Section/Block Background, Color Palette Widget, and Button Widget
Given the user is editing a Page, Section, or Block
And the user has access to the Color Palette Widget and Button Widget settings
When the user sets the background color, text color, or button background
Then they should be able to adjust the transparency/opacity using the opacity bar below the hue bar as per the design
And the selected opacity level should be applied accordingly






"
363,"PB - (FE components) As a User, I want to move a sub page to become a standalone Simple Page (Parent)","1. Be able to move a sub-Page to become a standalone Page that doesn’t contain any sub-Page, via drag-and-drop from Navigation Panel on editing mode in Page Builder
2. Be able to see the updated order / hierarchy of Page list from Navigation Panel","Scenario: Moving a Sub-Page to Become a Standalone Page via Drag-and-Drop in Page Builder
Given the user is in editing mode within the Page Builder
And the Navigation Panel displays a hierarchical list of pages, including sub-pages
When the user drags a sub-page from its current parent page and drops it into the root level of the Navigation Panel
Then the sub-page becomes a standalone page without any sub-pages
And the Navigation Panel updates to reflect the new page hierarchy
And the user can see the updated order and hierarchy of the page list in the Navigation Panel"
325,[Ask AI Alpha] As a user I can tell when results are being loaded,"1. While answer is both first being fetched AND as it gets built out incrementally we have a loading wheel on the disabled ‘Ask’ button (so user knows when answer has 100% finished building when this loading wheel ceases)
2. Loading wheel/spinner no longer appears when answer build is complete
","Scenario: Displaying Loading Indicator on ‘Ask’ Button During Answer Generation
Given the user has entered a question in the ‘Ask AI’ field
When they click the ‘Ask’ button
Then the ‘Ask’ button should become disabled
And a loading wheel/spinner should appear on the button
And Given the AI is generating the answer
When the answer is still being fetched or built incrementally
Then the loading wheel/spinner should remain visible on the disabled ‘Ask’ button
And Given the AI has fully generated the answer
When the answer build is 100% complete
Then the loading wheel/spinner should disappear
And the ‘Ask’ button should become enabled again"
432,"PB - As a User, I want to see Nav panel when creating a Simple Page(BE)","1. Be able to see the new tab ""Pages"" from Right Side Panel when creating a Simple Page (By default, it's opened, compared to ""Builder"" tab) as per 
2. Be able to see all the saved Simple pages against current user’s permission, from the tab of the Right Side Panel as per 
3. By default, in oder of *Last Updated* as the same in v2 index list","Scenario: Display ""Pages"" Tab in Right Side Panel During Simple Page Creation with Ordered List of Accessible Pages
Given I am creating a new Simple Page
When I view the Right Side Panel
Then the ""Pages"" tab should be visible and open by default
And the ""Pages"" tab should list all saved Simple Pages that I have permission to access
And the list of pages should be ordered by the ""Last Updated"" date, consistent with the ordering in the version 2 index list"
348,"PB - As a User, I want to add a new Widget ""Spacer""","1. Be able to see and drag a new type of Widget ""Spacer"" as per in a Section from Nav","Scenario: Dragging the ""Spacer"" Widget from Navigation Panel to a Section
Given the user is in Page Builder
And the Navigation Panel is open
When the user sees the new ""Spacer"" Widget in the Navigation Panel
Then they should be able to drag the ""Spacer"" Widget into a Section
And Given the user has dragged the ""Spacer"" Widget
Then it should be added to the Section successfully"
87,"As a User, I want to remove stickers option from left menu",1. Hide Stickers option from left menu ,"Scenario: Hiding the Stickers Option from the Left Menu
Given the user is in the Img.ly editor
When the editor loads
Then the Stickers option is not visible in the left menu"
76,"As a User, I want new File Format 'Templates' displays for scene files that are Img.ly/IB creations (ie, we do not display as scene files) - [V3 Locations]","1.When a resource has been created via [IB+Img.ly|http://IB+Img.ly], it’s File Format should be ‘Templates’
2. This File Format type should be surfaced in all relevant platform locations (instead of ‘scene’ file for this resource type), such as: Info Preview , In Database Resource Lookup (selection and in the field in the record), Review Request > Item Details

","Scenario: Displaying Correct File Format for Resources Created via IB+Img.ly
Given a resource is created via IB+Img.ly
Then its File Format should be set to ""Templates"" instead of ""Scene""
And this File Format should be displayed in all relevant platform locations, including:

Info Preview
Database Resource Lookup (both in selection and in the field in the record)
Review Request > Item Details"
439,"BP - As a User, I want to single select resources from Resource Lookup with unchangeable filter based on file type in Page Builder","1. Be able to see and select resources into Page Builder via Resource Lookup with unchangeable filter applied with results by default, depending on the target page area:
2. Page/Section/Block background: Filtering Options > General Options > File Format will be *locked* with only *Image* enabled","Scenario: Resource Lookup with Unchangeable Image Filter for Background Selection in Page Builder
Given I am using the Resource Lookup overlay within the Page Builder
When I attempt to select a resource for a Page, Section, or Block background
Then the Filtering Options should display
And the General Options > File Format filter should be locked with only 'Image' enabled
And the search results should display only image resources
And I should be able to select an image resource from these results
And the selected image should be applied as the background to the chosen Page, Section, or Block"
16,"As a user, when parent record undergoes publish approval process, child records are only created when parent is approved","1. When parent record is sent for approval, and is approved, then the child records are created
2. No snackbar is needed in this scenario, (as that would show to last reviewer user who approves, and who may not need to know child records are created.
3. This occurs on request status becoming ‘Approved ' - ie: not when a single Reviewer 'Approves’ in the scenarios where more than 1 approval is required, and also not when the first stage of a multi-staged request is approved.
4. This can occur, theoretically, months after the record was submitted. ie, if submitted in March 2023 but not approved until June 2023, then child records will be created in June
5. This can also occur when Auto-Complete is enabled on the parent database workflow, in which the ‘delay’ time will be be very minimal when it successfully gets auto-completed (assumed this will occur almost immediately after submit)
6. If record publish is conditionally auto-completed, then:
7. If single stage workflow then child records will be auto-created upon successful auto-complete of parent record
8. If first stage of a staged workflow then delay creation of child records will be enacted, since this only completed the first stage of the request
9. Creator of the child records is the creator of the parent record, not the approver of the publish workflow request. ","Scenario: Child record creation for approved publish approval records
      Given I have a database with a workflow
      And it has a lookup grid with auto create child records enabled
      When I click submit the workflow request
      Then the workflow request will be created
      And the child record will not be created
      When I approve the workflow request
      Then the child records will be created
      Scenario                             | Result
      Single approved                      | Child record created
      Stage 1 approved                     | Child record not created
      Stage 2 approved (final stage)       | Child record created
      Single conditionally auto-completed  | Child record created
      Stage 1 conditionally auto-completed | Child record not created"
